student_name,email,project,Group name,passed,poster,oral,Github URL,Blog URL,Deployment link,ชื่อนักเรียนภาษาอังกฤษ (ไม่มีคำนำหน้า),คำอธิบายโดยย่อ (ไม่เกิน 280 ตัวอักษร)
อธิบดี คุ่ยประเสริฐ,airewgamer@gmail.com,Check student attendance by face detection,arcane-whales,checked,checked,,https://github.com/AcaneD13/Face_detect,https://medium.com/@airewgamer/check-student-attendance-by-face-detection-yolo-a398c2dbc4f1,https://acaned13-face-detect-app-86qo62.streamlit.app/,Atibodee kuiprasert,เป็นการใช้ Face detection ในห้องเรียนเพื่อเช็คชื่อเพื่อลดปัญหาการเช็คชื่อนานของครูเพื่อให้มีเวลาสอนมากยิ่งขึ้นโดย Projectนี้ใช้ Model yoloในการ Detect หน้าคนโดยเทรนดาต้า  จาก image บุคคลจำนวน 50 คน(โดยอิงจากจำนวนนักเรียนในห้อง) โดยเราจะใช้ Model yolo หลายตีวมาช่วยDetectเพื่อความถูกต้อง 
ภัทรดนัย อัคราช,pataradany@gmail.com,TEEOR,arcane-whales,checked,checked,checked,https://github.com/fifaak/AIB3-TEEOR,https://medium.com/@pataradany/teeor-the-first-procurement-books-checker-tool-of-thailand-8c794987fbba,https://fifadotjs-teeor-ai-builder.hf.space,Pataradanai Akkratch,TEEOR คือ เครื่องมือที่ใช้ในการแก้ไขปัญหาการทุจริตโดยตรวจสอบการเขียนคุณลักษณะของครุภัณฑ์หากพบเนื้อหาที่มีความเสี่ยงในการล็อคสเป็คก็จะมีการรายงานผลออกมาเป็น Tag
พิชา เจษฎาภัทรกุล,icepicha18@gmail.com,Diabetic Foot Ulcers Classification by using planter foot Thermogram with Vision Transformer (ViT),arcane-whales,checked,checked,,https://github.com/Ice1808pichaaa/ViT-DFU-Thermogram-Classification,https://medium.com/@icepicha/diabetic-foot-ulcers-classification-by-using-planter-foot-thermogram-3de9db31ad54,https://huggingface.co/spaces/pichaaa1808/ViT-DFU-Thermogram-Classification,Picha Jetsadapattarakul,"การเกิดแผลที่เท้าจากโรคเบาหวาน เป็นหนึ่งในภาวะแทรกซ้อนที่พบได้มากที่สุดจากการเป็นโรคเบาหวาน ซึ่งการป้องกันนั้นสามารถทําได้ด้วยการ ตรวจเท้าเป็นประจําทุกวัน แต่เนื่องจากผลของภาวะแทรกซ้อนอื่น ๆ ที่ส่งผลทําให้การตรวจหาแผลที่เท้านั้นเป็นเรื่องยาก และเนื่องจากระยะแรกของการเกิดแผลมักจะเป็นลักษณะการอักเสบ ที่เล็ก ๆ ก่อนที่อาจจะยากในการมองเห็น ดังนั้นผมจึงไปหาข้อมูลเพิ่มเติมว่ามีวิธีที่จะใช้ในการหาตรวจหาแผลในระยะแรกได้ไหม และจึงได้พบว่า เราสามารถใช้ภาพความร้อนหรือThermogram มาใช้ได้ เนื่องจากเวลาที่เกิดการอักเสบของแต่ละบริเวณในร่างกายนั้นจะทำให้บริเวณนั้นมีอุณหภูมิที่สูงกว่าบริเวณอื่นที่ปกติ 

โดยในโครงงานชิ้นนี้	ผมได้ใช้เทคนนิคการทำ 5 fold cross validation เพื่อเป็นการลด bias ขณะสร้าง model แล้วจึงมาหาค่าเฉลี่ยของ metrics ในแต่ละfold และผมได้ทำการทดสอบตัวที่เป็น pretrained model ได้แก่ vit-base กับ deit-base และได้ทำการทดสอบเพิ่มเติมกับตัว vit-base ที่ไม่ใช้ pretrained model เพื่อเป็นการเปรียบเทียบว่าในงานที่เฉพาะเจาะจงแบบนี้ การใช้ pretrained model กับไม่ใช้ pretrained model จะได้ performance ที่ต่างกันแค่ไหน

โดยผลจากการทดสอบทั้งหมดพบว่าตัว vit-baseที่ใช้Pretrained นั้นมีperformance ที่ดีที่สุด โดยมีaccuracy เฉลี่ยอยู่ที่ร้อยละ 79 ตามมาด้วยตัว vit ที่ไม่ใช้ pretrained model ที่มีaccuaracy เฉลี่ยอยู่ที่ร้อยละ76 "
เสฎฐพันธ์ เหล่าอารีย์,settapun.work@gmail.com,Digital Textile Printing Defect Classification,arcane-whales,checked,checked,,https://github.com/ShokulSet/DTPDC-DigitalTextilePrintingDefectClassification,https://medium.com/@settapun.work/digital-textile-printing-defect-classification-for-industrial-752d5df8e4a8,https://huggingface.co/spaces/sh0kul/DTPDC-Deploy,Settapun Laoaree,Model Image Classification สำหรับการจำแนกหาข้อจุดบกพร่อง(Defect) ในการพิมพ์ผ้าดิจิตอล เพื่อให้สามารถเข้าไปแก้ไขปัญหาได้ทันและลดการสูญเสียที่เกิดขึ้น
เจนตา วงศ์เลิศสกุล,jjentaaw@gmail.com,Manga Recommendation,chaotic-zebras,checked,checked,checked,https://github.com/jjentaa/manga-recommendation,https://medium.com/@madness_/manga-recommendation-️-a8147d933c51,https://jjentaa-manga-recommendation-welcome-0rg4kx.streamlit.app/,Jenta Wonglertsakul,เป็นสิ่งที่จะมาช่วยแก้ไขปัญหาเรื่องต้องการในการอ่านมังงะที่ค่อนข้างเฉพาะเจาะจง โดยใช้วิธีการหา cosine similarity score ระหว่าง query ที่รับเข้ามา กับ เรื่องย่อ เรื่องที่ถูกแนะนำคือเรื่องที่มี cosine similarity score มากที่สุด ในโปรเจคนี้ได้สร้างให้ผู้ใช้สามารถ input ได้หลายภาษา
กฤติวิทย์ คำประดำ,krittiwit0203@gmail.com,conversation generation,chaotic-zebras,checked,checked,,https://github.com/ohmreborn/conversation-generation-AIB2023/tree/main,https://medium.com/@krittiwit0203/สร้างบทสนทนาโดยใช้-ai-b5b7e97b3089,https://colab.research.google.com/github/ohmreborn/conversation-generation-AIB2023/blob/main/llama-7b-hf/deployment.ipynb,krittiwit kampradam,"-โมเดล สร้างบทสนทนา โดยการ finetune llama ด้วย Lora
-Open Assistant เป็น 1 ในโครงการที่ พยายามสร้างโมเดล ในรูปแบบ ChatGPT ในรูปแบบของ OpenSource โดยเราจะสามารถเข้าไปมีส่วนร่วมได้โดยการบริจาคข้อมูลให้กับ Open Assistant ได้ ทีนี้พอผมได้ลองไปบริจาคข้อมูลให้แล้วนั้นผมรู้สึกได้ว่าการจาะได้มาสักบทสนทนาบทนึงเนี่ยมันดูทำได้ทีละน้อยเหลือเกิน ผมเลยมีความคิดที่จะ สร้าง Ai ที่สามารถสร้าง บทสนทนาออกมา 
-โดยเอา Dataset จาก https://huggingface.co/datasets/laion/OIG/blob/main/unified_abstract_infill.jsonl
แล้วก็ทำความสะอาดข้อมูลเช่น เอา url,emoji ออกไป
-train โดยการใช้ llama7b ด้วย Lora
-วัดผลโดยการส่งฟอร์มไปในกลุ่ม Thai Natural Langue Processing แล้วก็บข้อมูลมาวิเคราะห์"
ธีร์ กิตติวรภัทร,theekittivorapat@gmail.com,Plank Form Checker,chaotic-zebras,checked,checked,,https://github.com/TheeKittivorapat/plank-form-check,https://medium.com/@theekittivorapat/plank-form-check-4aab2e41f904,https://theekittivorapat-plank-form-check-appplank-form-check-2r2ayg.streamlit.app/,Thee Kittivorapat,ช่วย check ว่า ผู้ใช้ทำท่า plank ได้ถูกต้องหรือไม่ ถ้าไม่ถูกต้อง ท่าที่ทำอยู่นั้นผิดอย่างไร
ปุรัสกร เกียรติ์นนทพัทธ์,phurutsakorn.kps@gmail.com,AI FallingAsleepDriving (AI ตรวจสอบผู้ขับขี่หลับใน),delta-ducks,checked,checked,,https://github.com/PunPK/AI_FallingAsleepDriving,https://medium.com/@phurutsakorn.kps/%EF%B8%8F-ai-fallingasleepdriving-993ce04ccfcc,https://huggingface.co/spaces/PunPk/AI_FallingAsleepDriving,Puratsakorn Kietnonthapat,"""AI ตรวจสอบผู้ขับขี่หลับใน""หรือ""AI FallingAsleepDriving"" สร้างโดยใช้ image classification + object detection โดยเป็น AI วิเคราห์ ที่มาวิเคราห์จากการหลับตา และวิเคราห์จาการปิดปาก ขณะกำลังขับรถยนต์หรือพาหนะที่ใช้ในการเดินทาง แล้วจะมีการแจ้งเตือนเมื่อตรวจสอบพบการหลับตามากเกินปกติ หรือมีการหาวมากเกินไป ในช่วงเวลาหนึ่ง 
ซึ่งการที่  ""ผู้ขับขี่หลับใน"" นี้อาจทำให้อุบัติเหตุหรือเกิดปัญหาต่างๆตามมามากมาย ทั้งความเสียหายด้านทรัพย์สิน หรือความเสียหายด้านร่างกาย อาจถึงขั้นเสียชีวิตได้ โดยอุบัติเหตุที่เกิดจาก ""ผู้ขับขี่หลับใน"" ยังมีข่าวปรากฎมาอยู่เรื่อยๆทั้งในประเทศไทยและต่างประเทศ 
ผมได้เก็บรวมรวบ Data จาก Kaggle มาเทรนใน Colab แล้วมาทดลองใช้จริงใน Vscode โดยใช้ cv2 เป็นตัวดึงวิดีโอจาก Webcam มา แล้วก็ได้ Deployment ลงทั้ง huggingface spaces หรือแบบ แอปพลิเคชันบนคอมพิวเตอร์แบบ .exe ครับ"
พสิษฐ์ คำเสนา,webbalaka@gmail.com,ProfanityGuard ตรวจจับคำหยาบด้วย AI ก่อนนำไปลง Youtube,delta-ducks,checked,checked,,https://github.com/webbalaka/ProfanityGuard,https://medium.com/@webbalaka/profanityguard-%E0%B8%95%E0%B8%A3%E0%B8%A7%E0%B8%88%E0%B8%88%E0%B8%B1%E0%B8%9A%E0%B8%84%E0%B8%B3%E0%B8%AB%E0%B8%A2%E0%B8%B2%E0%B8%9A%E0%B8%94%E0%B9%89%E0%B8%A7%E0%B8%A2-ai-%E0%B8%81%E0%B9%88%E0%B8%AD%E0%B8%99%E0%B8%99%E0%B8%B3%E0%B9%84%E0%B8%9B%E0%B8%A5%E0%B8%87-youtube-792c09c027ff,https://huggingface.co/spaces/BALAKA/ProfanityGuard,Pasit Khumsena,ProfanityGuard เป็นโมเดลที่ต่อยอดมาจาก pretrain model อีกทีนึงนั่นก็คือ airesearch/wav2vec2-large-xlsr-53-th โดยมีจุดมุ่งหมายหลักเพื่อแก้ปัญหาปัญหา youtuber หรือ streamerที่ประสบปัญหา คลิปวีดีโอติดเหลือง หรือ ติดแดง โดยอาศัยการถอดความจากเสียงภาษาไทย (Automatic Speech Recognition; ASR) แล้วมา brute force เพื่อตรวจสอบคำหยาบอีกที
ธนกฤต จงวิไลเกษม,thanakit.chongwilaikasem@gmail.com,Lo-Fi music style transfer,delta-ducks,checked,checked,,https://github.com/WinWut/Music-style-transfer-to-lofi,https://medium.com/@thanakit.chongwilaikasem/music-style-transfer-to-lo-fi-4abafb2ace82,https://huggingface.co/spaces/WinWut/Lofi-music-style-transfer,Thanakit Chongwilaikasem,เป็นโครงงาน ที่สามารถแปลงเพลงให้เป็นแนว Lo-Fiได้
ธาวิน จิระมหาโภคี,tawinjira@hotmail.com,"marching-waifu-x: Diffusion models are zero-shot 3D character generators, too",delta-ducks,checked,checked,checked,https://github.com/rossiyareich/marching-waifu-x,https://medium.com/@rwussiya/diffusion-models-are-zero-shot-3d-character-generators-too-6261c264755c,https://colab.research.google.com/github/rossiyareich/marching-waifu-x/blob/main/ipynb/end2end_colab.ipynb,Tawin Jiramahapokee,"Generating 3D characters from text prompts by marrying ControlVideo, GroundingDINO, SegmentAnything, and InstantNGP"
ถิรดา ถมนาม,Thirada.pim567@gmail.com,Dog emotions,flaming-goats,checked,checked,,https://github.com/pim3567/Dog-emotions,https://medium.com/@thirada.pim567/dog-emotions-67000abcce08,https://pim3567-dogemotion-app-cb5m7r.streamlit.app/,Thirada Thomnam,Machine Learning ประเภท image classification ทำนายว่าสุนัขในภาพกำลังรู้สึกอย่างไร เพื่อป้องกันไม่ให้เกิดเหตุคนถูกสุนัขกัดจากการเข้าไปเล่นกับสุนัขที่กำลังโกรธหรือหงุดหงิด
อรุชา เขมทโรนนท์,aruchakhem@gmail.com,โมเดลการแปลภาษามือไทยด้วย MediaPipe,flaming-goats,checked,checked,checked,https://github.com/Annerez/Mediapipe_ThaiHandSign,https://medium.com/@aruchakhem/thai-hand-sign-detection-using-mediapipe-6683cc711e91,https://thaihandsign.onrender.com/,Arucha Khematharonon,เป็นโมเดลการแปลภาษามือไทย โดยจะถ่ายคลิปเพื่อจับตำแหน่งของ landmarks บน MediaPipe แล้วสกัดออกมาเป็น keypoint เพื่อนำไปเทรนผ่าน LSTM model
อริย์ธัช สุริยพัฒนพงศ์,fararitat2@gmail.com,Sitting Posture Estimate,flaming-goats,checked,checked,,https://github.com/FarAritat/Sitting-Poseture-Estimate,https://medium.com/@aritatsuriyapattanapong/sitting-posture-estimate-ccb9814e2aa9,https://fararitat-sitting-poseture-estimate-app-f00oap.streamlit.app/?fbclid=IwAR3wCALuuEe_e0TpOIe_vCmbY2ivb_udQJxckaC13SthGcXolnHoVICCcrM,Aritat Suriyapattanapong,โครงงานนี้เกิดขึ้นจากความคิดที่ผมนั่งงานแล้วปวดหลัง ผมจึงคิดขึ้นมาสำหรับคนที่ต้องนั่งทำอะไรสักอย่างนานๆ ซึ่งทำให้อาการไม่พึงประสงค์ เช่น ปวดหลัง ปวดคอ มันเป็นปัญหาที่ใคร ๆ ไม่ว่าจะวัยหนุ่มสาว วัยทำงาน หรือวัยชรา ก็ต้องเคยเจอ ผมจึงได้เลือกหัวข้อนี้มาทำเป็นโครงงาน
กรรวี โคตรทัศน์,kornrawee.kochtat@gmail.com,Mini AI Doctor: Disease Prediction,iron-hamsters,checked,checked,,https://github.com/oransom48/MiniAIDoctor_AIB2023,https://medium.com/@kornraweekochtat/️-mini-ai-doctor-disease-prediction-4f5eea489d65,https://miniaidoctor-oransom48.streamlit.app/,Kornrawee Kochtat,"ปัจจุบันมนุษย์ต้องเผชิญกับโรคภัยต่าง ๆ มากมาย ทั้งโรคประจำตัวและโรคติดต่อ อันเนื่องมาจากสภาพแวดล้อมและพฤติกรรมการใช้ชีวิตของมนุษย์ที่เปลี่ยนแปลงไป หากประชาชนทุกคนสามารถเข้าถึงการรักษาพยาบาลที่สะดวกและรวดเร็ว และได้รับการสร้างเสริมสุขภาพ การป้องกันโรคอย่างทั่วถึง จะช่วยให้ประชาชนมีสุขภาพที่ดี แต่ระบบบริการสุขภาพในประเทศไทยยังไม่สามารถเข้าถึงประชาชนได้ทุกคน เนื่องจากขาดแคลนบุคลากรทางการแพทย์และเครื่องมือแพทย์ และประชาชนบางส่วนยังขาดความรู้ด้านสุขภาพ

โครงงานนี้นำเสนอการสร้างโมเดลจำแนกโรคจากประโยคอาการป่วยต่าง ๆ ทั้งหมด 24 โรค โดยประยุกต์ใช้ความรู้ด้าน natural language processing (NLP) และ text classification ผลลัพธ์จากการสร้างโมเดลพบว่า การใช้ Universal Sentence Encoder (USE) ร่วมกับโมเดล linearSVC ให้ผล accuracy ดีที่สุดที่ 0.9833 "
สักก์ธนัชญ์ ประดิษฐอุกฤษฎ์,thanakrit.5122548@gmail.com,Pytorch Thai food image classification,iron-hamsters,checked,checked,,https://github.com/SaktanuthPeak/AiBuilder-Deploy,https://medium.com/@thanakrit.5122548/3-data-collection-and-cleaning-การเก็บและทำความสะอาดข้อมูล-ba46a9ecd055,https://saktanuthpeak-aibuilder-deploy-finalize-a97b5p.streamlit.app/,Saktanuth Praditukrit,เป็นชิ้นงาน AI ที่สําหรับคัดเเยกรูปภาพอาหารไทยจํานวน 54 ชนิด
ณัฐดนัย จรัสวิบูลย์กุล,ozone4826@gmail.com,AI หมากฮอสสากล,iron-hamsters,checked,checked,checked,https://github.com/o3-ozone/Draughts,https://medium.com/@ozone4826/ai-builders-project-%E0%B8%AB%E0%B8%A1%E0%B8%B2%E0%B8%81%E0%B8%AE%E0%B8%AD%E0%B8%AA%E0%B8%AA%E0%B8%B2%E0%B8%81%E0%B8%A5-7fbd696a77a7,https://o3-ozone.itch.io/checkers,Nutdanai Jaratwiboonkul,Aiหมากฮอสสากลนี้ทำเพื่อคนที่ต้องการท้าทายฝีมือของตนเองในระดับที่สูงขึ้นไปและใช้ในการฝึกซ้อมเพื่อไปแข่งขันหรือเพื่อพัฒนาฝีมือของตนเองโดยที่ทำโดยใช้ภาษาPythonและDeployผ่านitch.ioโดยใช้algorithm minimax alpha betapruningเข้ามาช่วยตัดสินใจ
ธฤต วิทย์วรสกุล,wtarit@gmail.com,TH-EN Machine Translation,jolly-fish,checked,checked,checked,https://github.com/wtarit/th-en-machine-translation,https://wtarit.medium.com/สร้าง-model-แปลภาษาไทย-อังกฤษ-e23cb9585f5,https://huggingface.co/spaces/wtarit/nllb-th-en-translation,Tarit Witworrasakul,Model แปลภาษาไทยเป็นอังกฤษ ได้ Model ที่ดีที่สุดจากการ Finetune NLLB-600M ด้วย Dataset SCB-1M + OPUS ได้ BLEU Score ที่ 27.37 บน Test Set IWSLT 2015
สุวีรยา เนินทราย,24098@bodin2.ac.th,Breast Cancer Ultrasound Image Segmentation Using U-Net,jolly-fish,checked,checked,,https://github.com/nadiasuweer4ya/Breast_Cancer_Ultrasound_Image_Segmentation_Using_U-Net/tree/main,https://medium.com/@24098_79544/breast-cancer-ultrasound-segmentation-using-u-net-9b3435be019c,"https://huggingface.co/spaces/Suweeraya/Breast_Cancer_Ultrasound_Image_Segmentation, https://colab.research.google.com/drive/1yZWHHRBqGFWBiAZRygieeP6_lhKahPt7?usp=sharing",Suweeraya Noensai,"In this project, I use U-Net to segment breast cancer in ultrasound images into three classes: benign, normal, and malignant. The model is trained on a dataset with annotations for these classes. After training, the model's performance is evaluated using a testing set. The segmented images aid in diagnosis and treatment planning for breast cancer patients!"
จิรัฏฐ์ เจียรนัยพานิชย์,jiratc25@rism.ac.th,Supranuclear Palsy (SP) Detection with Wav2Vec and OpenAI Whisper,jolly-fish,checked,checked,,https://github.com/spycoderyt/thaispdetection,https://medium.com/@spycoderyt/detecting-neurodegenerative-diseases-through-speech-a-machine-learning-approach-ai-builders-9db0e9de5ff7,https://huggingface.co/spaces/spycoder/wav2vec,Jirat Chiaranaipanich,"Neurodegenerative diseases affect 1 in 6 people. Many of these disease result in speech impediments, such as Parkinsons, Alzheimers, and Supranuclear Palsy (SP). I trained 2 pre-trained models, Wav2Vec and OpenAI Whisper (+audio augmentation), to classify audio recordings as SP-positive or SP-negative."
นนทพัทธ์ ศรีบุญเรือง,Un1q0rnprogram@gmail.com,ทำนายโรคดวงตาจากภาพถ่ายประสาทตาด้วย Machine learning,jolly-fish,checked,checked,,https://github.com/Un1q0rn/DR-and-Glaucoma-Grading,https://medium.com/@un1q0rnprogram/machine-learning-%E0%B8%97%E0%B8%B3%E0%B8%99%E0%B8%B2%E0%B8%A2%E0%B9%82%E0%B8%A3%E0%B8%84%E0%B8%94%E0%B8%A7%E0%B8%87%E0%B8%95%E0%B8%B2%E0%B8%88%E0%B8%B2%E0%B8%81%E0%B8%A0%E0%B8%B2%E0%B8%9E%E0%B8%96%E0%B9%88%E0%B8%B2%E0%B8%A2%E0%B8%88%E0%B8%AD%E0%B8%9B%E0%B8%A3%E0%B8%B0%E0%B8%AA%E0%B8%B2%E0%B8%97%E0%B8%95%E0%B8%B2-237d9bc6a201,https://huggingface.co/spaces/Uniq0rn/DR-and-Glaucoma-grading,Nonthapat Sriboonruang,โครงงาน ทำนายโรคดวงตาจากภาพถ่ายจอประสาทตาด้วย Machine learning ได้แรงบัลดาลใจมาจากการที่ผมมีคุณป้าที่เคยป่วยเป็นโรคต้อหินคุณป้าของผมอยู่ดูแลปู่และย่าอยู่ชนบททางตะวันออกเฉียงเหนือเนื่องจากการเดินทางที่ยากลำบากและค่าใช้จ่ายก็สูงแถมยังมีภาระหน้าที่ที่ต้องดูแลปู่และย่าทำให้ป้าตรวจพบอาการนี้ก็ในตอนที่การมองเห็นแย่ลงมากแล้ว โชคยังดีที่ป้าของผมเข้ารับการผ่าตัดได้ทันแต่เรื่องนี้ก็ทำให้ผมอยากใช้ความสามารถด้าน AI มาแก้ปัญหา โดยโครงงานนี้มุ่งเน้นที่ 2 โรคดวงตาหลักๆได้แก่ โรคต้อหิน และ โรคเบาหวานขึ้นตา โดย จะใช้เป็น resnet34 ในการคัดแยก features เพื่อทำนายผลโรคเบาหวานขึ้นตา  และ Unet ในการแบ่งส่วนภาพ (Segmentation) Optic Disc และ Optic Cup เพื่อใช้หาอัตราส่วน Cup-to-Disc Ratio ในการวินิจฉัยโรคต้อหิน โมเดลยังสามารถระบุชนิดของกล้องที่ใช้ในการถ่ายภาพ และ คุณภาพของภาพได้อีกด้วย
ศุภวิชญ์ มารยาท,supawit04591@pcccr.ac.th,pimthaigans,priceless-warhawks,checked,checked,,https://github.com/Beamlnwza/pimthaigans,https://medium.com/@supawitmarayat/pimthaigans-an-model-try-to-synthesis-thai-typo-f19a2e7d0bce,https://pimthaigans.vercel.app/,Supawit Marayat,"- Pimthaigans คือ ความพยายามในการนำ Generative Ai มาสร้างรูปภาพของ ฟอนต์ ตัวอักษรภาษาไทยทั้ง 88 ตัว
- ก - ฮ มี 44, ตัวสระมี 16 ตัว, วรรณยุกต์ 5, ตัวเลขภาษาไทยอีก 10 ตัว และอักษรพิเศษอีก 13 ตัว
- ในการพัฒนาชุดข้อมูลมี ฟอนต์ที่แตกต่างกัน 442 ฟอนต์ นำมาสร้างรูปตัวอักษรล่ะ 442 รูป รวม 30k++ รูปทั้งหมด โดยมีการวางตำแหน่งให้อยู่ในระดับการพิมพ์ของฟอนต์ปกติเท่ากันทุก
- ช่วงแรก นำ GAN และ DCGAN มาใช้พบว่า รูปภาพผสมมั่วทุกตัวจึงต้องนำ cGAN ที่มีการ label มาใช้
- ได้โมเดลออกมา 8 ตัว ตัวล่ะ 11 อักษรเพื่อช่วยให้โมเดลไม่เกิดการ Model collapse
- โมเดลค่อนข้างทำงานได้ดีดูออกได้แต่อาจต้องจำกัดเรื่อง ขนาด น้ำหนัก รูปแบบของฟอนต์เพิ่มเติม"
รสิตา วาจาพัฒนา,rasitavajapattana@gmail.com,Diabetic Retinopathy Detection AI,priceless-warhawks,checked,checked,checked,https://github.com/nanarv/aibuildersdeploy-nana/tree/main,https://medium.com/@rasitavajapattana/drd-ai-training-ai-to-detect-diabetic-retinopathy-d40632555ae4,https://nanarv-aibuildersdeploy-nana-app-teuo8g.streamlit.app/,Rasita Vajapattana,"An Artificial Intelligence technology trained to classify stages of diabetic retinopathy detected on a digital retinal image, aiming to increase efficiency and accessibility of the healthcare system."
ณัฐวีร์ แนวกำพล,nattawee2548@gmail.com,PM2.5 Time Series Forecasting,rising-stags,checked,checked,,https://github.com/Parallaxxx25/AIB3_Proj.git,https://medium.com/@nattawee2548/pm2-5-time-series-forecasting-5b9d3a75b2fa,https://colab.research.google.com/drive/1-I35mKgb-IByl2e9dkyVH2MLVMutdwVl?usp=sharing,Natthawee Naewkumpol,โครงงานนี้คือ Time Series Forecasting ประเภท Univariate คือมีตัวแปรตัวเดียวมีเพียงแค่เวลากับค่าที่เราต้องการที่จะทำนาย โดยข้อมูลที่นำมาใช้คือค่าฝุ่น PM2.5 จากเว็บไซต์ของกองจัดการคุณภาพอากาศและเสียง กรมควบคุมมลพิษ ต่อมาทำการทำนายโดยใช้ neutralforecast ทำให้เห็นการทำนายนั้นออกมา
ฬูค่า ชนกันต์ บอนด์,lukabond06@gmail.com,FakeRev: Detecting Computer-Generated Reviews with fine-tuned BERT-based models,rising-stags,checked,checked,,https://github.com/LukaBondi/fake_review/tree/master,https://medium.com/@lukabond06/fakerev-detecting-computer-generated-reviews-with-fine-tuned-bert-based-models-82fb42a0be0d,https://colab.research.google.com/drive/1YRfSakWf9YjsYE0s4Wd9u3Cs6hhZZSi5?usp=sharing,Luka Chanakan Bond,"การเปรียบเทียบความแม่นยำของ BERT-based model ต่างๆ (และ BoW-based model) ในการทำนายว่าข้อความรีวิวตามอินเตอร์เน็ต (Amazon, Ebay, etc.) เป็นข้อความที่คนเขียน (Human-Generated) หรือถูกสร้างขึ้นโดยคอมพิวเตอร์/บอทตามเน็ต (Computer-Generated) และสังเกตผลเพื่อจะนำมาปรับปรุงโมเดลต่างๆ ต่อไป"
ทนุธรรม ศุภผล,chinochi866@gmail.com,Cloud Classy,silent-meercats,checked,checked,,https://github.com/Mhapong/cloud_classify,https://medium.com/@Chinochi/cloud-type-classification-cloud-class-ระบบแยกประเภทของเมฆ-6c5233f1ab8,https://mhapong-cloud-classify-app-a9yz6s.streamlit.app/,Thanutham Supphaphon,เป็นชิ้นงานคัดแยกประเภทก้อนเมฆจากรูปภาพที่ผู้ใช้ส่งมา
ภาคิน โอฬารรักษ์ธรรม,pakindioxide@gmail.com,Dog Breed Classification,silent-meercats,checked,checked,,https://github.com/PakinDioxide/Dog-Breed-Classification,https://medium.com/@pakindioxide/dog-breed-classification-e23b4dc342ea,https://dogbreedclassification.streamlit.app/,Pakin Olanraktham,เป็นโมเดล Machine Learning ที่สามารถจำแนกสายพันธุ์สุนัขได้ 120 สายพันธุ์ โดยใช้ ResNet50 ในการเทรนโมเดล ซึ่งได้ Accuracy อยู่ที่ 87%
กรธัช สุขสวัสดิ์,zeroxr20@gmail.com,Object detection for CCTV with traffic,silent-meercats,checked,checked,checked,https://github.com/Fishcanwalk/object-detection-for-CCTV-with-traffic,https://medium.com/@zeroxr20/object-detection-for-cctv-with-traffic-77149a8e4cd4,https://fishcanwalk-object-detection-for-cctv-with-traffic-app-u7hpdd.streamlit.app/,Kontuch Suksawat,Ai Object detection ตรวจจับ คนขับรถซ้อน 2คน ถึง 3คน และใส่หมวกกันน็อคหรือไม่
พิตตินันท์ เวทยานนท์,hoggynainwza@gmail.com,How to know percent your sound?,silent-meercats,checked,checked,,https://github.com/hoggyna/AI-Builder,https://httpris.medium.com/how-to-know-percent-your-sound-ff589158730e,https://hoggyna-ai-builder-deploymentapp-bue02s.streamlit.app/,Pittinan Wettayanon,โปรเจกนี้คือการฝึกออกเสียงสำเนียงภาษาจีนว่ามีความถูกต้องออกมาเป็นกี่เปอร์เซ็น เพราะว่าในปัจจุบันมีคนที่ฝึกออกสำเนียงอย่างเดียว โดยที่เราไม่รู้ว่าออกเสียงถูกมากน้อยแค่ไหน บางคนอาจจะออกเสียงผิดมาโดยตลอดแต่เราอาจจะไม่รู้ โปรเจกนี้ก็เลยเป็นอีกตัวที่ช่วยทำให้คนสามารถฝึกการออกเสียงได้
เจตน์พิสุทธ ทองผา,keen.korn.faro@gmail.com,WoodSight,sleeping-bats,checked,checked,,https://github.com/Keenlol/WoodSight,https://medium.com/@Keenlol/woodsight-a-wood-texture-classification-model-677390f64a7a,https://huggingface.co/spaces/Keenlol/WoodSight,Chetphisuth Tongpa,"WoodSight is a wood texture classification model that identify wood species from wood texture image, trained with fastai and images from Google."
ปวินทวัฒน์ จันทรวัต,pawinthawat@outlook.co.th,CATsification - The Cat Classification AI Model,sleeping-bats,checked,checked,checked,https://github.com/PawinChan/CATsification,https://medium.com/@Pawin.C/catsification-the-cat-classification-ai-model-9580f68fcb03,https://pawin.tk/ai/CATsification,Pawinthawat Chandravat,"Wondering about which subreddit you can post your cat on?
Tired of scrolling through an endless list of cat subreddits?

CATsification is here to help!
Find the perfect subreddit to share your adorable cat pictures and get them the attention they deserve."
ปัณณทัต พิภพกุลพร,mingpannatat@gmail.com,ArtiPost: The Poster Generator AI,sleeping-bats,checked,checked,,https://github.com/Tempuro/Poster-Generator,https://medium.com/@tempuror/artipost-the-poster-generator-ai-3c99425e3454,https://huggingface.co/spaces/Tempuror/Poster-Generator,Pannatat Pipopkullaporn,Poster Generator คือ โมเดลที่จะช่วยสร้างโปสเตอร์ให้คุณตามที่คุณต้องการ สิ่งที่คุณต้องทำมีเพียงแค่พิมพ์ว่าอยากได้อะไรเพียงแค่นั้น โดย poster generator คือโมเดล stable diffusion ที่ได้รับการ fine-tune ด้วย dataset ที่ประกอบไปด้วยภาพและคำอธิบาย ซึ่งใช้เทคนิค LoRA(Low-Rank Adaptation) ในการ fine-tune เพื่อลดการใช้ GPU ในการเทรนแต่ยังได้ผลลัพธ์ที่ออกมาดีดังเดิม
ณัทนอนนท์ ฉมาดล,nontc49@gmail.com,T2E Vocabulary Exam Generator,sleeping-bats,checked,checked,,https://github.com/JollypopChannel/AI-Builders_Code-Resources-shared,https://medium.com/@mario-world/text-to-exam-generator-nlp-using-machine-learning-71da8dd93a4a,https://huggingface.co/spaces/nontGcob/T2E_Vocabulary_Exam_Generator,Nutnornont Chamadol,A program that generates vocabulary exams from text passages.
ปันไท สูยะศรี,pantaisuyasri@gmail.com,Text2Tags,mighty-salamanders,checked,checked,checked,https://github.com/DatboiiPuntai/text2tags-lib,https://medium.com/@pantaisuyasri/extracting-danbooru-tags-from-text-9b820478a7d8,https://huggingface.co/spaces/ooferdoodles/text2tags-demo,Pantai Suyasri,a Python library that uses a finetune of Llama-7b and llama cpp to predict Danbooru tags from natural text.
อลงกรณ์ แก้วพรหม,alongkron21064@gmail.com,AvocadoRipnessPredictor,mighty-salamanders,checked,checked,,https://github.com/Alongkron1234/AvocadoRipnessPredictor,https://medium.com/@alongkron21064/from-green-to-perfectly-ripe-how-to-make-classification-ripeness-model-by-fastai-80ff99355c93,https://huggingface.co/spaces/BallAlongkorn/AvocadoRipnessPredictor_4,Alongkorn Kaewprom,โปรเจคนี้ได้ไอเดียมาจากการที่ผมต้องการกินอาโวคาโดแต่ไม่รู้ว่ามันสุกมั้ยหรือว่าอีกกี่วันมันจะสุก AvocadoRipnessPredictor เป็นโปรเจคที่สามารถประมาณการณ์และระบุความสุกของอาโวคาโดได้ โดยพันธุ์ที่โมเดลนี้สามารถคาดการณ์ได้มี2พันธุ์คือ มาเยืองมี4stateความสุกและแฮสสัญชาติออสเตรเลียมี3stateความสุก
ดารากาล ลิมกุล,daradarakarn007@gmail.com,BulletBrief — Make videos brief with bullet points,mighty-salamanders,checked,checked,,https://github.com/Teetydrk/BulletBrief-t5base,https://medium.com/@daradarakarn007/bulletbrief-say-goodbye-to-long-hours-of-video-consumption-with-bullet-summarizer-38064da23c9c,https://huggingface.co/spaces/Darakarn/BulletBrief-t5base-modified,Darakarn Limkool,"'- โมเดลย่อความแบบabstractive ที่สามารถสรุปsubtitleจากคลิปยูทูบเป็นสรุปในรูปแบบของbullet pointได้ เพื่อเป็นการลดเวลาสำหรับคนที่ไม่อยากดูคลิปยูทูบยาวๆ หรืออยากrecapเนื้อหาอีกทีหนึ่ง
- แรงบันดาลใจมาจากการที่ดูคลิปTED แล้วรู้สึกว่านานจัง อยากได้แค่สรุปใจความจึงเกิดเป็นไอเดียว่า “จะเป็นไปได้ไหมถ้าจะย่อคลิป20นาทีให้เหลือแค่สรุปที่อ่าน2นาทีแล้วจบ!”
- ชุดข้อมูลมีด้วยกัน 2 ส่วน; ส่วนแรกเป็นsubtitle ที่มาจาก 4138 คลิป (3095358คำ) จากช่องยูทูบ TEDEd และ BigThink ที่ทำความสะอาดโดยการตัดวงเล็บและเนื้อหาเสริมอื่น เช่น ผู้แปล ออก ; ส่วนที่ 2 เป็น bullet point summary ที่ generate จากโมเดล GPT-3.5-turbo ซึ่งเป็น generative model ของ OpenAI
- ใช้ t5-base เป็น pre-trained model ที่มี parameter 220 ล้านตัว และสร้าง seq2seq model ที่มี input text เป็น subtitle ของคลิปยูทูบและ output text เป็น bullet point summary เทรนโมเดลโดยเช่า cloud GPU จาก Vast AI
- ผลสำรวจจาก google form ที่ประกอบไปด้วย subtitle 10 คลิป และการเปรียบเทียบสรุปที่ BulletBrief กับ summarization model ตัวอื่น generate ออกมา พบว่า 57% ของการสำรวจทั้งหมดเลือก BulletBrief ให้ประสิทธิมากกว่าโมเดลย่อความตัวอื่น โดยกลุ่มของผลสำรวจมีทั้งคนไทย คนต่างชาติ และผู้ที่มีความเชี่ยวชาญด้านภาษาอังกฤษ
- วัดผลด้วย ROUGE แต่ผลออกมาต่ำกว่าความคาดหวัง คิดว่าน่าจะเกิดจากการที่เป็น abstractive model และความหลากหลายของข้อมูล
- Demo สามารถรับข้อมูลเป็น link ของคลิปยูทูบได้เลย เพื่อความสะดวกสบายของผู้ใช้"
เพลงพิณ ทองดอนง้าว,plengpintongdonngao@gmail.com,Phish-Off,priceless-warhawks,checked,,,https://github.com/pxyzP/phishoff/blob/main/phishoffbert_final.ipynb,https://medium.com/@plengpintongdonngao/phish-off-safe-urls-for-all-25109de06391,http://18.143.141.65/,Plengpin Tongdon-ngao,Phish-Off เป็นโมเดล bert AdamW ที่ถูกก fine-tuned เพื่อวิเคราะห์และแยกแยะลิ้งค์อันตราย และ ลิ้งค์ปลอดภัย
พิพัฒพงศ์ ชูช่วย,Pipatpong.Chuchuai01@gmail.com,Virtual Coding Mentor,mighty-salamanders,checked,,,https://github.com/nomsodcaramel/AI-Builders,https://medium.com/@pipatpong.chuchuai01_21891/no-practice-assignments-no-problem-use-generative-ai-to-create-your-own-314adc74c92f,https://huggingface.co/spaces/Pipatpong/VCM_Demo,Pipatpong Chuchuai,VCM Project is Generative AI that provide practice assignment from natural language prompt fine-tune with SantaCoder pre-train model
อนพัช เอื้อศรีวัฒนากุล,aug51@outlook.com,การจำแนกคุณภาพของมะม่วง,flaming-goats,,,,https://github.com/haruhash/fruit-classification,https://medium.com/@aug66651/การจำแนกคุณภาพของมะม่วง-7beab105e2bc,https://haruhash-fruit-classification-app-vbz5t8.streamlit.app,Anapat Ousriwattanakul,ใช้ในการหาราคากลางของมะม่วงชนิดนั้นๆ ซึ่งจะเป็นประโยชน์สำหรับผู้ซื้อที่ไม่มีความรู้เกี่ยวกับมะม่วง ช่วยให้ได้มะม่วงชนิดที่ต้องการและเหมาะสม และสำหรับผู้ขายก็สามารถใช้ AI ในการคัดแยกคุณภาพของผลไม้ให้เหมาะสมกับราคาโดยไม่เอาเปรียบผู้บริโภคได้ด้วยเช่นกัน
รสิตา วาจาพัฒนา,rasitavajapattana@gmail.com,DRD-AI Diabetic Retinopathy Detection AI,priceless-warhawks,,,,https://github.com/nanarv/aibuildersdeploy-nana/tree/main,https://medium.com/@rasitavajapattana/drd-ai-training-ai-to-detect-diabetic-retinopathy-d40632555ae4,https://nanarv-aibuildersdeploy-nana-app-teuo8g.streamlit.app/,Rasita Vajapattana,"An AI trained to detect and classify the stage of diabetic retinopathy found on digital retina images, aiming to facilitate the DR screening process and ultimately increase efficiency and accessibility of healthcare."
สรวิชญ์ ชัยศิริถาวรกุล,sorrawich.chai@gmail.com,meeting summarization,rising-stags,,,,https://github.com/sorrawich-chai/meetingsum_longformer,https://medium.com/@sorrawich.chai/fined-tune-led-large-book-summary-for-meeting-summarization-25201d768926,http://itgear.thddns.net:9920,sorrawich chaisirithavornkul,เป็น model ที่ train อยู่บน led-large-book-summary เพื่อใช้ในการสรุปการประชุมและตอบคำถามเนื้อหาในการประชุม